timeStamp,elapsed,label,responseCode,responseMessage,threadName,dataType,success,failureMessage,bytes,sentBytes,grpThreads,allThreads,URL,Latency,IdleTime,Connect
1781053202034,380,HTTP Request,200,OK,Thread Group 1-1,text,true,,231,159,3,3,http://localhost:8080/?token=494370254&user=-1356109124&config=3,378,0,12
1781053202116,424,HTTP Request,200,OK,Thread Group 1-2,text,true,,231,159,4,4,http://localhost:8080/?token=494370254&user=-1356109124&config=3,424,0,0
1781053202282,442,HTTP Request,200,OK,Thread Group 1-3,text,true,,231,159,5,5,http://localhost:8080/?token=494370254&user=-1356109124&config=3,442,0,1
1781053202447,398,HTTP Request,200,OK,Thread Group 1-4,text,true,,231,159,6,6,http://localhost:8080/?token=494370254&user=-1356109124&config=3,398,0,1
1781053202614,463,HTTP Request,200,OK,Thread Group 1-5,text,true,,231,159,6,6,http://localhost:8080/?token=494370254&user=-1356109124&config=3,463,0,1
1781053202733,344,HTTP Request,200,OK,Thread Group 1-1,text,true,,231,159,6,6,http://localhost:8080/?token=494370254&user=-1356109124&config=3,344,0,0
1781053202782,400,HTTP Request,200,OK,Thread Group 1-6,text,true,,231,159,6,6,http://localhost:8080/?token=494370254&user=-1356109124&config=3,399,0,1
1781053203115,335,HTTP Request,200,OK,Thread Group 1-2,text,true,,231,159,6,6,http://localhost:8080/?token=494370254&user=-1356109124&config=3,335,0,0
1781053203532,357,HTTP Request,200,OK,Thread Group 1-3,text,true,,231,159,6,6,http://localhost:8080/?token=494370254&user=-1356109124&config=3,357,0,0
1781053203948,360,HTTP Request,200,OK,Thread Group 1-4,text,true,,231,159,6,6,http://localhost:8080/?token=494370254&user=-1356109124&config=3,360,0,0
1781053204114,357,HTTP Request,200,OK,Thread Group 1-5,text,true,,231,159,6,6,http://localhost:8080/?token=494370254&user=-1356109124&config=3,357,0,0
1781053204233,332,HTTP Request,200,OK,Thread Group 1-1,text,true,,231,159,6,6,http://localhost:8080/?token=494370254&user=-1356109124&config=3,332,0,0
1781053204283,377,HTTP Request,200,OK,Thread Group 1-6,text,true,,231,159,6,6,http://localhost:8080/?token=494370254&user=-1356109124&config=3,377,0,0
1781053204615,365,HTTP Request,200,OK,Thread Group 1-2,text,true,,231,159,6,6,http://localhost:8080/?token=494370254&user=-1356109124&config=3,365,0,0
1781053205031,359,HTTP Request,200,OK,Thread Group 1-3,text,true,,231,159,6,6,http://localhost:8080/?token=494370254&user=-1356109124&config=3,359,0,0
1781053205449,351,HTTP Request,200,OK,Thread Group 1-4,text,true,,231,159,6,6,http://localhost:8080/?token=494370254&user=-1356109124&config=3,351,0,0
1781053205614,353,HTTP Request,200,OK,Thread Group 1-5,text,true,,231,159,6,6,http://localhost:8080/?token=494370254&user=-1356109124&config=3,352,0,0
1781053205732,369,HTTP Request,200,OK,Thread Group 1-1,text,true,,231,159,6,6,http://localhost:8080/?token=494370254&user=-1356109124&config=3,369,0,0
1781053205782,353,HTTP Request,200,OK,Thread Group 1-6,text,true,,231,159,6,6,http://localhost:8080/?token=494370254&user=-1356109124&config=3,353,0,0
1781053206116,359,HTTP Request,200,OK,Thread Group 1-2,text,true,,231,159,6,6,http://localhost:8080/?token=494370254&user=-1356109124&config=3,359,0,0
1781053206532,375,HTTP Request,200,OK,Thread Group 1-3,text,true,,231,159,6,6,http://localhost:8080/?token=494370254&user=-1356109124&config=3,375,0,0
1781053206948,354,HTTP Request,200,OK,Thread Group 1-4,text,true,,231,159,6,6,http://localhost:8080/?token=494370254&user=-1356109124&config=3,354,0,0
1781053207115,368,HTTP Request,200,OK,Thread Group 1-5,text,true,,231,159,6,6,http://localhost:8080/?token=494370254&user=-1356109124&config=3,368,0,0
1781053207233,359,HTTP Request,200,OK,Thread Group 1-1,text,true,,231,159,6,6,http://localhost:8080/?token=494370254&user=-1356109124&config=3,359,0,0
1781053207282,422,HTTP Request,200,OK,Thread Group 1-6,text,true,,231,159,6,6,http://localhost:8080/?token=494370254&user=-1356109124&config=3,422,0,0
1781053207615,347,HTTP Request,200,OK,Thread Group 1-2,text,true,,231,159,6,6,http://localhost:8080/?token=494370254&user=-1356109124&config=3,347,0,0
1781053208032,386,HTTP Request,200,OK,Thread Group 1-3,text,true,,231,159,6,6,http://localhost:8080/?token=494370254&user=-1356109124&config=3,386,0,0
1781053208448,357,HTTP Request,200,OK,Thread Group 1-4,text,true,,231,159,6,6,http://localhost:8080/?token=494370254&user=-1356109124&config=3,357,0,0
1781053208614,372,HTTP Request,200,OK,Thread Group 1-5,text,true,,231,159,6,6,http://localhost:8080/?token=494370254&user=-1356109124&config=3,372,0,0
1781053208733,391,HTTP Request,200,OK,Thread Group 1-1,text,true,,231,159,6,6,http://localhost:8080/?token=494370254&user=-1356109124&config=3,391,0,0
1781053208782,366,HTTP Request,200,OK,Thread Group 1-6,text,true,,231,159,6,6,http://localhost:8080/?token=494370254&user=-1356109124&config=3,366,0,0
1781053209115,387,HTTP Request,200,OK,Thread Group 1-2,text,true,,231,159,6,6,http://localhost:8080/?token=494370254&user=-1356109124&config=3,387,0,0
1781053209532,367,HTTP Request,200,OK,Thread Group 1-3,text,true,,231,159,6,6,http://localhost:8080/?token=494370254&user=-1356109124&config=3,367,0,0
1781053209948,415,HTTP Request,200,OK,Thread Group 1-4,text,true,,231,159,6,6,http://localhost:8080/?token=494370254&user=-1356109124&config=3,415,0,0
1781053210114,380,HTTP Request,200,OK,Thread Group 1-5,text,true,,231,159,6,6,http://localhost:8080/?token=494370254&user=-1356109124&config=3,380,0,0
1781053210234,395,HTTP Request,200,OK,Thread Group 1-1,text,true,,231,159,6,6,http://localhost:8080/?token=494370254&user=-1356109124&config=3,395,0,0
1781053210282,398,HTTP Request,200,OK,Thread Group 1-6,text,true,,231,159,6,6,http://localhost:8080/?token=494370254&user=-1356109124&config=3,398,0,0
1781053210616,390,HTTP Request,200,OK,Thread Group 1-2,text,true,,231,159,6,6,http://localhost:8080/?token=494370254&user=-1356109124&config=3,390,0,0
1781053211033,373,HTTP Request,200,OK,Thread Group 1-3,text,true,,231,159,6,6,http://localhost:8080/?token=494370254&user=-1356109124&config=3,373,0,0
1781053211448,381,HTTP Request,200,OK,Thread Group 1-4,text,true,,231,159,6,6,http://localhost:8080/?token=494370254&user=-1356109124&config=3,381,0,0
1781053211614,402,HTTP Request,200,OK,Thread Group 1-5,text,true,,231,159,6,6,http://localhost:8080/?token=494370254&user=-1356109124&config=3,401,0,0
1781053211733,396,HTTP Request,200,OK,Thread Group 1-1,text,true,,231,159,6,6,http://localhost:8080/?token=494370254&user=-1356109124&config=3,396,0,0
1781053211783,371,HTTP Request,200,OK,Thread Group 1-6,text,true,,231,159,6,6,http://localhost:8080/?token=494370254&user=-1356109124&config=3,371,0,0
1781053212116,385,HTTP Request,200,OK,Thread Group 1-2,text,true,,231,159,6,6,http://localhost:8080/?token=494370254&user=-1356109124&config=3,385,0,0
1781053212533,427,HTTP Request,200,OK,Thread Group 1-3,text,true,,231,159,6,6,http://localhost:8080/?token=494370254&user=-1356109124&config=3,427,0,0
1781053212947,366,HTTP Request,200,OK,Thread Group 1-4,text,true,,231,159,6,6,http://localhost:8080/?token=494370254&user=-1356109124&config=3,366,0,0
1781053213115,384,HTTP Request,200,OK,Thread Group 1-5,text,true,,231,159,6,6,http://localhost:8080/?token=494370254&user=-1356109124&config=3,384,0,0
1781053213233,375,HTTP Request,200,OK,Thread Group 1-1,text,true,,231,159,6,6,http://localhost:8080/?token=494370254&user=-1356109124&config=3,375,0,0
1781053213283,378,HTTP Request,200,OK,Thread Group 1-6,text,true,,231,159,6,6,http://localhost:8080/?token=494370254&user=-1356109124&config=3,378,0,0
1781053213615,404,HTTP Request,200,OK,Thread Group 1-2,text,true,,231,159,6,6,http://localhost:8080/?token=494370254&user=-1356109124&config=3,404,0,0
1781053214032,383,HTTP Request,200,OK,Thread Group 1-3,text,true,,231,159,6,6,http://localhost:8080/?token=494370254&user=-1356109124&config=3,383,0,0
1781053214448,387,HTTP Request,200,OK,Thread Group 1-4,text,true,,231,159,6,6,http://localhost:8080/?token=494370254&user=-1356109124&config=3,387,0,0
1781053214615,369,HTTP Request,200,OK,Thread Group 1-5,text,true,,231,159,6,6,http://localhost:8080/?token=494370254&user=-1356109124&config=3,369,0,0
1781053214734,377,HTTP Request,200,OK,Thread Group 1-1,text,true,,231,159,6,6,http://localhost:8080/?token=494370254&user=-1356109124&config=3,377,0,0
1781053214782,405,HTTP Request,200,OK,Thread Group 1-6,text,true,,231,159,6,6,http://localhost:8080/?token=494370254&user=-1356109124&config=3,405,0,0
1781053215116,390,HTTP Request,200,OK,Thread Group 1-2,text,true,,231,159,6,6,http://localhost:8080/?token=494370254&user=-1356109124&config=3,390,0,0
1781053215532,366,HTTP Request,200,OK,Thread Group 1-3,text,true,,231,159,6,6,http://localhost:8080/?token=494370254&user=-1356109124&config=3,366,0,0
1781053215948,396,HTTP Request,200,OK,Thread Group 1-4,text,true,,231,159,6,6,http://localhost:8080/?token=494370254&user=-1356109124&config=3,395,0,0
1781053216115,386,HTTP Request,200,OK,Thread Group 1-5,text,true,,231,159,6,6,http://localhost:8080/?token=494370254&user=-1356109124&config=3,386,0,0
1781053216233,390,HTTP Request,200,OK,Thread Group 1-1,text,true,,231,159,6,6,http://localhost:8080/?token=494370254&user=-1356109124&config=3,390,0,0
1781053216282,379,HTTP Request,200,OK,Thread Group 1-6,text,true,,231,159,6,6,http://localhost:8080/?token=494370254&user=-1356109124&config=3,379,0,0
1781053216615,361,HTTP Request,200,OK,Thread Group 1-2,text,true,,231,159,6,6,http://localhost:8080/?token=494370254&user=-1356109124&config=3,360,0,0
1781053217033,401,HTTP Request,200,OK,Thread Group 1-3,text,true,,231,159,6,6,http://localhost:8080/?token=494370254&user=-1356109124&config=3,401,0,0
1781053217448,368,HTTP Request,200,OK,Thread Group 1-4,text,true,,231,159,6,6,http://localhost:8080/?token=494370254&user=-1356109124&config=3,368,0,0
1781053217614,385,HTTP Request,200,OK,Thread Group 1-5,text,true,,231,159,6,6,http://localhost:8080/?token=494370254&user=-1356109124&config=3,384,0,0
1781053217734,373,HTTP Request,200,OK,Thread Group 1-1,text,true,,231,159,6,6,http://localhost:8080/?token=494370254&user=-1356109124&config=3,373,0,0
1781053217783,375,HTTP Request,200,OK,Thread Group 1-6,text,true,,231,159,6,6,http://localhost:8080/?token=494370254&user=-1356109124&config=3,375,0,0
1781053218116,378,HTTP Request,200,OK,Thread Group 1-2,text,true,,231,159,6,6,http://localhost:8080/?token=494370254&user=-1356109124&config=3,378,0,0
1781053218532,366,HTTP Request,200,OK,Thread Group 1-3,text,true,,231,159,6,6,http://localhost:8080/?token=494370254&user=-1356109124&config=3,366,0,0
1781053218949,385,HTTP Request,200,OK,Thread Group 1-4,text,true,,231,159,6,6,http://localhost:8080/?token=494370254&user=-1356109124&config=3,385,0,0
1781053219116,364,HTTP Request,200,OK,Thread Group 1-5,text,true,,231,159,6,6,http://localhost:8080/?token=494370254&user=-1356109124&config=3,364,0,0
1781053219233,375,HTTP Request,200,OK,Thread Group 1-1,text,true,,231,159,6,6,http://localhost:8080/?token=494370254&user=-1356109124&config=3,375,0,0
1781053219282,373,HTTP Request,200,OK,Thread Group 1-6,text,true,,231,159,6,6,http://localhost:8080/?token=494370254&user=-1356109124&config=3,373,0,0
1781053219614,375,HTTP Request,200,OK,Thread Group 1-2,text,true,,231,159,6,6,http://localhost:8080/?token=494370254&user=-1356109124&config=3,375,0,0
1781053220031,386,HTTP Request,200,OK,Thread Group 1-3,text,true,,231,159,6,6,http://localhost:8080/?token=494370254&user=-1356109124&config=3,386,0,0
1781053220449,355,HTTP Request,200,OK,Thread Group 1-4,text,true,,231,159,6,6,http://localhost:8080/?token=494370254&user=-1356109124&config=3,355,0,0
1781053220614,379,HTTP Request,200,OK,Thread Group 1-5,text,true,,231,159,6,6,http://localhost:8080/?token=494370254&user=-1356109124&config=3,379,0,0
1781053220733,366,HTTP Request,200,OK,Thread Group 1-1,text,true,,231,159,6,6,http://localhost:8080/?token=494370254&user=-1356109124&config=3,366,0,0
1781053220782,374,HTTP Request,200,OK,Thread Group 1-6,text,true,,231,159,6,6,http://localhost:8080/?token=494370254&user=-1356109124&config=3,374,0,0
1781053221115,378,HTTP Request,200,OK,Thread Group 1-2,text,true,,231,159,6,6,http://localhost:8080/?token=494370254&user=-1356109124&config=3,378,0,0
1781053221532,399,HTTP Request,200,OK,Thread Group 1-3,text,true,,231,159,6,6,http://localhost:8080/?token=494370254&user=-1356109124&config=3,398,0,0
1781053221948,364,HTTP Request,200,OK,Thread Group 1-4,text,true,,231,159,6,6,http://localhost:8080/?token=494370254&user=-1356109124&config=3,364,0,0
1781053222114,377,HTTP Request,200,OK,Thread Group 1-5,text,true,,231,159,6,6,http://localhost:8080/?token=494370254&user=-1356109124&config=3,377,0,0
1781053222234,394,HTTP Request,200,OK,Thread Group 1-1,text,true,,231,159,6,6,http://localhost:8080/?token=494370254&user=-1356109124&config=3,394,0,0
1781053222282,369,HTTP Request,200,OK,Thread Group 1-6,text,true,,231,159,6,6,http://localhost:8080/?token=494370254&user=-1356109124&config=3,369,0,0
1781053222616,397,HTTP Request,200,OK,Thread Group 1-2,text,true,,231,159,6,6,http://localhost:8080/?token=494370254&user=-1356109124&config=3,397,0,0
1781053223032,413,HTTP Request,200,OK,Thread Group 1-3,text,true,,231,159,6,6,http://localhost:8080/?token=494370254&user=-1356109124&config=3,413,0,0
1781053223449,393,HTTP Request,200,OK,Thread Group 1-4,text,true,,231,159,6,6,http://localhost:8080/?token=494370254&user=-1356109124&config=3,393,0,0
1781053223614,403,HTTP Request,200,OK,Thread Group 1-5,text,true,,231,159,6,6,http://localhost:8080/?token=494370254&user=-1356109124&config=3,403,0,0
1781053223733,387,HTTP Request,200,OK,Thread Group 1-1,text,true,,231,159,6,6,http://localhost:8080/?token=494370254&user=-1356109124&config=3,387,0,0
1781053223782,413,HTTP Request,200,OK,Thread Group 1-6,text,true,,231,159,6,6,http://localhost:8080/?token=494370254&user=-1356109124&config=3,413,0,0
1781053224115,364,HTTP Request,200,OK,Thread Group 1-2,text,true,,231,159,6,6,http://localhost:8080/?token=494370254&user=-1356109124&config=3,364,0,0
1781053224532,408,HTTP Request,200,OK,Thread Group 1-3,text,true,,231,159,6,6,http://localhost:8080/?token=494370254&user=-1356109124&config=3,407,0,0
1781053224949,375,HTTP Request,200,OK,Thread Group 1-4,text,true,,231,159,6,6,http://localhost:8080/?token=494370254&user=-1356109124&config=3,375,0,0
1781053225114,386,HTTP Request,200,OK,Thread Group 1-5,text,true,,231,159,6,6,http://localhost:8080/?token=494370254&user=-1356109124&config=3,386,0,0
1781053225233,394,HTTP Request,200,OK,Thread Group 1-1,text,true,,231,159,6,6,http://localhost:8080/?token=494370254&user=-1356109124&config=3,394,0,0
1781053225283,385,HTTP Request,200,OK,Thread Group 1-6,text,true,,231,159,6,6,http://localhost:8080/?token=494370254&user=-1356109124&config=3,385,0,0
1781053225616,392,HTTP Request,200,OK,Thread Group 1-2,text,true,,231,159,6,6,http://localhost:8080/?token=494370254&user=-1356109124&config=3,392,0,0
1781053226033,378,HTTP Request,200,OK,Thread Group 1-3,text,true,,231,159,6,6,http://localhost:8080/?token=494370254&user=-1356109124&config=3,378,0,0
1781053226449,391,HTTP Request,200,OK,Thread Group 1-4,text,true,,231,159,6,6,http://localhost:8080/?token=494370254&user=-1356109124&config=3,391,0,0
1781053226615,379,HTTP Request,200,OK,Thread Group 1-5,text,true,,231,159,6,6,http://localhost:8080/?token=494370254&user=-1356109124&config=3,379,0,0
1781053226735,378,HTTP Request,200,OK,Thread Group 1-1,text,true,,231,159,6,6,http://localhost:8080/?token=494370254&user=-1356109124&config=3,378,0,0
1781053226783,394,HTTP Request,200,OK,Thread Group 1-6,text,true,,231,159,6,6,http://localhost:8080/?token=494370254&user=-1356109124&config=3,394,0,0
1781053227115,397,HTTP Request,200,OK,Thread Group 1-2,text,true,,231,159,6,6,http://localhost:8080/?token=494370254&user=-1356109124&config=3,397,0,0
1781053227532,374,HTTP Request,200,OK,Thread Group 1-3,text,true,,231,159,6,6,http://localhost:8080/?token=494370254&user=-1356109124&config=3,374,0,0
1781053227948,377,HTTP Request,200,OK,Thread Group 1-4,text,true,,231,159,6,6,http://localhost:8080/?token=494370254&user=-1356109124&config=3,377,0,0
1781053228114,409,HTTP Request,200,OK,Thread Group 1-5,text,true,,231,159,6,6,http://localhost:8080/?token=494370254&user=-1356109124&config=3,409,0,0
1781053228233,378,HTTP Request,200,OK,Thread Group 1-1,text,true,,231,159,6,6,http://localhost:8080/?token=494370254&user=-1356109124&config=3,378,0,0
1781053228282,398,HTTP Request,200,OK,Thread Group 1-6,text,true,,231,159,6,6,http://localhost:8080/?token=494370254&user=-1356109124&config=3,398,0,0
1781053228615,399,HTTP Request,200,OK,Thread Group 1-2,text,true,,231,159,6,6,http://localhost:8080/?token=494370254&user=-1356109124&config=3,399,0,0
1781053229032,376,HTTP Request,200,OK,Thread Group 1-3,text,true,,231,159,6,6,http://localhost:8080/?token=494370254&user=-1356109124&config=3,376,0,0
1781053229448,391,HTTP Request,200,OK,Thread Group 1-4,text,true,,231,159,6,6,http://localhost:8080/?token=494370254&user=-1356109124&config=3,391,0,0
1781053229615,358,HTTP Request,200,OK,Thread Group 1-5,text,true,,231,159,6,6,http://localhost:8080/?token=494370254&user=-1356109124&config=3,358,0,0
1781053229734,377,HTTP Request,200,OK,Thread Group 1-1,text,true,,231,159,6,6,http://localhost:8080/?token=494370254&user=-1356109124&config=3,377,0,0
1781053229782,370,HTTP Request,200,OK,Thread Group 1-6,text,true,,231,159,6,6,http://localhost:8080/?token=494370254&user=-1356109124&config=3,370,0,0
1781053230115,380,HTTP Request,200,OK,Thread Group 1-2,text,true,,231,159,6,6,http://localhost:8080/?token=494370254&user=-1356109124&config=3,380,0,0
1781053230531,363,HTTP Request,200,OK,Thread Group 1-3,text,true,,231,159,6,6,http://localhost:8080/?token=494370254&user=-1356109124&config=3,363,0,0
1781053230948,376,HTTP Request,200,OK,Thread Group 1-4,text,true,,231,159,6,6,http://localhost:8080/?token=494370254&user=-1356109124&config=3,376,0,0
1781053231114,362,HTTP Request,200,OK,Thread Group 1-5,text,true,,231,159,6,6,http://localhost:8080/?token=494370254&user=-1356109124&config=3,362,0,0
1781053231233,398,HTTP Request,200,OK,Thread Group 1-1,text,true,,231,159,6,6,http://localhost:8080/?token=494370254&user=-1356109124&config=3,398,0,0
1781053231282,402,HTTP Request,200,OK,Thread Group 1-6,text,true,,231,159,6,6,http://localhost:8080/?token=494370254&user=-1356109124&config=3,402,0,0
1781053231615,390,HTTP Request,200,OK,Thread Group 1-2,text,true,,231,159,6,6,http://localhost:8080/?token=494370254&user=-1356109124&config=3,390,0,0
1781053232032,379,HTTP Request,200,OK,Thread Group 1-3,text,true,,231,159,6,6,http://localhost:8080/?token=494370254&user=-1356109124&config=3,379,0,0
1781053232449,381,HTTP Request,200,OK,Thread Group 1-4,text,true,,231,159,6,6,http://localhost:8080/?token=494370254&user=-1356109124&config=3,381,0,0
1781053232614,370,HTTP Request,200,OK,Thread Group 1-5,text,true,,231,159,6,6,http://localhost:8080/?token=494370254&user=-1356109124&config=3,370,0,0
1781053232733,392,HTTP Request,200,OK,Thread Group 1-1,text,true,,231,159,6,6,http://localhost:8080/?token=494370254&user=-1356109124&config=3,392,0,0
1781053232784,383,HTTP Request,200,OK,Thread Group 1-6,text,true,,231,159,6,6,http://localhost:8080/?token=494370254&user=-1356109124&config=3,383,0,0
1781053233115,410,HTTP Request,200,OK,Thread Group 1-2,text,true,,231,159,6,6,http://localhost:8080/?token=494370254&user=-1356109124&config=3,410,0,0
1781053233532,394,HTTP Request,200,OK,Thread Group 1-3,text,true,,231,159,6,6,http://localhost:8080/?token=494370254&user=-1356109124&config=3,394,0,0
1781053233949,372,HTTP Request,200,OK,Thread Group 1-4,text,true,,231,159,6,6,http://localhost:8080/?token=494370254&user=-1356109124&config=3,372,0,0
1781053234115,394,HTTP Request,200,OK,Thread Group 1-5,text,true,,231,159,6,6,http://localhost:8080/?token=494370254&user=-1356109124&config=3,394,0,0
1781053234234,399,HTTP Request,200,OK,Thread Group 1-1,text,true,,231,159,6,6,http://localhost:8080/?token=494370254&user=-1356109124&config=3,399,0,0
1781053234283,392,HTTP Request,200,OK,Thread Group 1-6,text,true,,231,159,6,6,http://localhost:8080/?token=494370254&user=-1356109124&config=3,392,0,0
1781053234615,417,HTTP Request,200,OK,Thread Group 1-2,text,true,,231,159,6,6,http://localhost:8080/?token=494370254&user=-1356109124&config=3,417,0,0
1781053235032,377,HTTP Request,200,OK,Thread Group 1-3,text,true,,231,159,6,6,http://localhost:8080/?token=494370254&user=-1356109124&config=3,376,0,0
1781053235449,355,HTTP Request,200,OK,Thread Group 1-4,text,true,,231,159,6,6,http://localhost:8080/?token=494370254&user=-1356109124&config=3,355,0,0
1781053235614,381,HTTP Request,200,OK,Thread Group 1-5,text,true,,231,159,6,6,http://localhost:8080/?token=494370254&user=-1356109124&config=3,381,0,0
1781053235733,369,HTTP Request,200,OK,Thread Group 1-1,text,true,,231,159,6,6,http://localhost:8080/?token=494370254&user=-1356109124&config=3,369,0,0
1781053235783,357,HTTP Request,200,OK,Thread Group 1-6,text,true,,231,159,6,6,http://localhost:8080/?token=494370254&user=-1356109124&config=3,357,0,0
1781053236115,415,HTTP Request,200,OK,Thread Group 1-2,text,true,,231,159,6,6,http://localhost:8080/?token=494370254&user=-1356109124&config=3,415,0,0
1781053236532,395,HTTP Request,200,OK,Thread Group 1-3,text,true,,231,159,6,6,http://localhost:8080/?token=494370254&user=-1356109124&config=3,394,0,0
1781053236947,389,HTTP Request,200,OK,Thread Group 1-4,text,true,,231,159,6,6,http://localhost:8080/?token=494370254&user=-1356109124&config=3,389,0,0
1781053237114,392,HTTP Request,200,OK,Thread Group 1-5,text,true,,231,159,6,6,http://localhost:8080/?token=494370254&user=-1356109124&config=3,392,0,0
1781053237233,378,HTTP Request,200,OK,Thread Group 1-1,text,true,,231,159,6,6,http://localhost:8080/?token=494370254&user=-1356109124&config=3,378,0,0
1781053237282,400,HTTP Request,200,OK,Thread Group 1-6,text,true,,231,159,6,6,http://localhost:8080/?token=494370254&user=-1356109124&config=3,400,0,0
1781053237615,397,HTTP Request,200,OK,Thread Group 1-2,text,true,,231,159,6,6,http://localhost:8080/?token=494370254&user=-1356109124&config=3,397,0,0
1781053238033,407,HTTP Request,200,OK,Thread Group 1-3,text,true,,231,159,6,6,http://localhost:8080/?token=494370254&user=-1356109124&config=3,407,0,0
1781053238449,371,HTTP Request,200,OK,Thread Group 1-4,text,true,,231,159,6,6,http://localhost:8080/?token=494370254&user=-1356109124&config=3,371,0,0
1781053238613,360,HTTP Request,200,OK,Thread Group 1-5,text,true,,231,159,6,6,http://localhost:8080/?token=494370254&user=-1356109124&config=3,360,0,0
1781053238733,380,HTTP Request,200,OK,Thread Group 1-1,text,true,,231,159,6,6,http://localhost:8080/?token=494370254&user=-1356109124&config=3,380,0,0
1781053238783,367,HTTP Request,200,OK,Thread Group 1-6,text,true,,231,159,6,6,http://localhost:8080/?token=494370254&user=-1356109124&config=3,367,0,0
1781053239116,380,HTTP Request,200,OK,Thread Group 1-2,text,true,,231,159,6,6,http://localhost:8080/?token=494370254&user=-1356109124&config=3,380,0,0
1781053239532,386,HTTP Request,200,OK,Thread Group 1-3,text,true,,231,159,6,6,http://localhost:8080/?token=494370254&user=-1356109124&config=3,386,0,0
1781053239948,377,HTTP Request,200,OK,Thread Group 1-4,text,true,,231,159,6,6,http://localhost:8080/?token=494370254&user=-1356109124&config=3,377,0,0
1781053240115,383,HTTP Request,200,OK,Thread Group 1-5,text,true,,231,159,6,6,http://localhost:8080/?token=494370254&user=-1356109124&config=3,383,0,0
1781053240234,378,HTTP Request,200,OK,Thread Group 1-1,text,true,,231,159,6,6,http://localhost:8080/?token=494370254&user=-1356109124&config=3,378,0,0
1781053240281,416,HTTP Request,200,OK,Thread Group 1-6,text,true,,231,159,6,6,http://localhost:8080/?token=494370254&user=-1356109124&config=3,416,0,0
1781053240615,391,HTTP Request,200,OK,Thread Group 1-2,text,true,,231,159,6,6,http://localhost:8080/?token=494370254&user=-1356109124&config=3,391,0,0
1781053241032,391,HTTP Request,200,OK,Thread Group 1-3,text,true,,231,159,6,6,http://localhost:8080/?token=494370254&user=-1356109124&config=3,391,0,0
1781053241448,378,HTTP Request,200,OK,Thread Group 1-4,text,true,,231,159,6,6,http://localhost:8080/?token=494370254&user=-1356109124&config=3,378,0,0
1781053241614,382,HTTP Request,200,OK,Thread Group 1-5,text,true,,231,159,6,6,http://localhost:8080/?token=494370254&user=-1356109124&config=3,382,0,0
1781053241733,378,HTTP Request,200,OK,Thread Group 1-1,text,true,,231,159,6,6,http://localhost:8080/?token=494370254&user=-1356109124&config=3,378,0,0
1781053241782,412,HTTP Request,200,OK,Thread Group 1-6,text,true,,231,159,6,6,http://localhost:8080/?token=494370254&user=-1356109124&config=3,412,0,0
1781053242115,386,HTTP Request,200,OK,Thread Group 1-2,text,true,,231,159,6,6,http://localhost:8080/?token=494370254&user=-1356109124&config=3,386,0,0
1781053242532,375,HTTP Request,200,OK,Thread Group 1-3,text,true,,231,159,6,6,http://localhost:8080/?token=494370254&user=-1356109124&config=3,375,0,0
1781053242948,391,HTTP Request,200,OK,Thread Group 1-4,text,true,,231,159,6,6,http://localhost:8080/?token=494370254&user=-1356109124&config=3,391,0,0
1781053243115,382,HTTP Request,200,OK,Thread Group 1-5,text,true,,231,159,6,6,http://localhost:8080/?token=494370254&user=-1356109124&config=3,382,0,0
1781053243233,399,HTTP Request,200,OK,Thread Group 1-1,text,true,,231,159,6,6,http://localhost:8080/?token=494370254&user=-1356109124&config=3,399,0,0
1781053243282,381,HTTP Request,200,OK,Thread Group 1-6,text,true,,231,159,6,6,http://localhost:8080/?token=494370254&user=-1356109124&config=3,381,0,0
1781053243616,392,HTTP Request,200,OK,Thread Group 1-2,text,true,,231,159,6,6,http://localhost:8080/?token=494370254&user=-1356109124&config=3,392,0,0
1781053244032,374,HTTP Request,200,OK,Thread Group 1-3,text,true,,231,159,6,6,http://localhost:8080/?token=494370254&user=-1356109124&config=3,374,0,0
1781053244448,408,HTTP Request,200,OK,Thread Group 1-4,text,true,,231,159,6,6,http://localhost:8080/?token=494370254&user=-1356109124&config=3,408,0,0
1781053244614,412,HTTP Request,200,OK,Thread Group 1-5,text,true,,231,159,6,6,http://localhost:8080/?token=494370254&user=-1356109124&config=3,412,0,0
1781053244734,382,HTTP Request,200,OK,Thread Group 1-1,text,true,,231,159,6,6,http://localhost:8080/?token=494370254&user=-1356109124&config=3,382,0,0
1781053244782,394,HTTP Request,200,OK,Thread Group 1-6,text,true,,231,159,6,6,http://localhost:8080/?token=494370254&user=-1356109124&config=3,394,0,0
1781053245115,362,HTTP Request,200,OK,Thread Group 1-2,text,true,,231,159,6,6,http://localhost:8080/?token=494370254&user=-1356109124&config=3,362,0,0
1781053245532,381,HTTP Request,200,OK,Thread Group 1-3,text,true,,231,159,6,6,http://localhost:8080/?token=494370254&user=-1356109124&config=3,381,0,0
1781053245948,382,HTTP Request,200,OK,Thread Group 1-4,text,true,,231,159,6,6,http://localhost:8080/?token=494370254&user=-1356109124&config=3,382,0,0
1781053246114,368,HTTP Request,200,OK,Thread Group 1-5,text,true,,231,159,6,6,http://localhost:8080/?token=494370254&user=-1356109124&config=3,368,0,0
1781053246233,380,HTTP Request,200,OK,Thread Group 1-1,text,true,,231,159,6,6,http://localhost:8080/?token=494370254&user=-1356109124&config=3,380,0,0
1781053246283,395,HTTP Request,200,OK,Thread Group 1-6,text,true,,231,159,6,6,http://localhost:8080/?token=494370254&user=-1356109124&config=3,395,0,0
1781053246617,390,HTTP Request,200,OK,Thread Group 1-2,text,true,,231,159,6,6,http://localhost:8080/?token=494370254&user=-1356109124&config=3,390,0,0
1781053247032,378,HTTP Request,200,OK,Thread Group 1-3,text,true,,231,159,6,6,http://localhost:8080/?token=494370254&user=-1356109124&config=3,378,0,0
1781053247449,381,HTTP Request,200,OK,Thread Group 1-4,text,true,,231,159,6,6,http://localhost:8080/?token=494370254&user=-1356109124&config=3,381,0,0
1781053247614,359,HTTP Request,200,OK,Thread Group 1-5,text,true,,231,159,6,6,http://localhost:8080/?token=494370254&user=-1356109124&config=3,359,0,0
1781053247733,388,HTTP Request,200,OK,Thread Group 1-1,text,true,,231,159,6,6,http://localhost:8080/?token=494370254&user=-1356109124&config=3,388,0,0
1781053247782,415,HTTP Request,200,OK,Thread Group 1-6,text,true,,231,159,6,6,http://localhost:8080/?token=494370254&user=-1356109124&config=3,415,0,0
1781053248115,380,HTTP Request,200,OK,Thread Group 1-2,text,true,,231,159,6,6,http://localhost:8080/?token=494370254&user=-1356109124&config=3,380,0,0
1781053248532,363,HTTP Request,200,OK,Thread Group 1-3,text,true,,231,159,6,6,http://localhost:8080/?token=494370254&user=-1356109124&config=3,363,0,0
1781053248948,401,HTTP Request,200,OK,Thread Group 1-4,text,true,,231,159,6,6,http://localhost:8080/?token=494370254&user=-1356109124&config=3,401,0,0
1781053249114,380,HTTP Request,200,OK,Thread Group 1-5,text,true,,231,159,6,6,http://localhost:8080/?token=494370254&user=-1356109124&config=3,380,0,0
1781053249233,383,HTTP Request,200,OK,Thread Group 1-1,text,true,,231,159,6,6,http://localhost:8080/?token=494370254&user=-1356109124&config=3,383,0,0
1781053249282,384,HTTP Request,200,OK,Thread Group 1-6,text,true,,231,159,6,6,http://localhost:8080/?token=494370254&user=-1356109124&config=3,384,0,0
1781053249616,421,HTTP Request,200,OK,Thread Group 1-2,text,true,,231,159,6,6,http://localhost:8080/?token=494370254&user=-1356109124&config=3,421,0,0
1781053250033,370,HTTP Request,200,OK,Thread Group 1-3,text,true,,231,159,6,6,http://localhost:8080/?token=494370254&user=-1356109124&config=3,370,0,0
1781053250448,383,HTTP Request,200,OK,Thread Group 1-4,text,true,,231,159,6,6,http://localhost:8080/?token=494370254&user=-1356109124&config=3,383,0,0
1781053250614,371,HTTP Request,200,OK,Thread Group 1-5,text,true,,231,159,6,6,http://localhost:8080/?token=494370254&user=-1356109124&config=3,371,0,0
1781053250734,356,HTTP Request,200,OK,Thread Group 1-1,text,true,,231,159,6,6,http://localhost:8080/?token=494370254&user=-1356109124&config=3,356,0,0
1781053250781,383,HTTP Request,200,OK,Thread Group 1-6,text,true,,231,159,6,6,http://localhost:8080/?token=494370254&user=-1356109124&config=3,383,0,0
1781053251114,363,HTTP Request,200,OK,Thread Group 1-2,text,true,,231,159,6,6,http://localhost:8080/?token=494370254&user=-1356109124&config=3,363,0,0
1781053251532,391,HTTP Request,200,OK,Thread Group 1-3,text,true,,231,159,6,6,http://localhost:8080/?token=494370254&user=-1356109124&config=3,391,0,0
1781053251948,387,HTTP Request,200,OK,Thread Group 1-4,text,true,,231,159,6,6,http://localhost:8080/?token=494370254&user=-1356109124&config=3,387,0,0
1781053252114,363,HTTP Request,200,OK,Thread Group 1-5,text,true,,231,159,6,6,http://localhost:8080/?token=494370254&user=-1356109124&config=3,363,0,0
1781053252233,403,HTTP Request,200,OK,Thread Group 1-1,text,true,,231,159,6,6,http://localhost:8080/?token=494370254&user=-1356109124&config=3,403,0,0
1781053252282,383,HTTP Request,200,OK,Thread Group 1-6,text,true,,231,159,6,6,http://localhost:8080/?token=494370254&user=-1356109124&config=3,383,0,0
1781053252615,395,HTTP Request,200,OK,Thread Group 1-2,text,true,,231,159,6,6,http://localhost:8080/?token=494370254&user=-1356109124&config=3,395,0,0
1781053253032,369,HTTP Request,200,OK,Thread Group 1-3,text,true,,231,159,6,6,http://localhost:8080/?token=494370254&user=-1356109124&config=3,369,0,0
1781053253448,390,HTTP Request,200,OK,Thread Group 1-4,text,true,,231,159,6,6,http://localhost:8080/?token=494370254&user=-1356109124&config=3,390,0,0
1781053253615,375,HTTP Request,200,OK,Thread Group 1-5,text,true,,231,159,6,6,http://localhost:8080/?token=494370254&user=-1356109124&config=3,375,0,0
1781053253732,406,HTTP Request,200,OK,Thread Group 1-1,text,true,,231,159,6,6,http://localhost:8080/?token=494370254&user=-1356109124&config=3,406,0,0
1781053253783,397,HTTP Request,200,OK,Thread Group 1-6,text,true,,231,159,6,6,http://localhost:8080/?token=494370254&user=-1356109124&config=3,397,0,0
1781053254115,367,HTTP Request,200,OK,Thread Group 1-2,text,true,,231,159,6,6,http://localhost:8080/?token=494370254&user=-1356109124&config=3,367,0,0
1781053254532,375,HTTP Request,200,OK,Thread Group 1-3,text,true,,231,159,6,6,http://localhost:8080/?token=494370254&user=-1356109124&config=3,375,0,0
1781053254948,367,HTTP Request,200,OK,Thread Group 1-4,text,true,,231,159,6,6,http://localhost:8080/?token=494370254&user=-1356109124&config=3,367,0,0
1781053255114,382,HTTP Request,200,OK,Thread Group 1-5,text,true,,231,159,6,6,http://localhost:8080/?token=494370254&user=-1356109124&config=3,382,0,0
1781053255232,393,HTTP Request,200,OK,Thread Group 1-1,text,true,,231,159,6,6,http://localhost:8080/?token=494370254&user=-1356109124&config=3,393,0,0
1781053255282,375,HTTP Request,200,OK,Thread Group 1-6,text,true,,231,159,6,6,http://localhost:8080/?token=494370254&user=-1356109124&config=3,375,0,0
1781053255615,383,HTTP Request,200,OK,Thread Group 1-2,text,true,,231,159,6,6,http://localhost:8080/?token=494370254&user=-1356109124&config=3,383,0,0
1781053256032,358,HTTP Request,200,OK,Thread Group 1-3,text,true,,231,159,6,6,http://localhost:8080/?token=494370254&user=-1356109124&config=3,358,0,0
1781053256448,379,HTTP Request,200,OK,Thread Group 1-4,text,true,,231,159,6,6,http://localhost:8080/?token=494370254&user=-1356109124&config=3,379,0,0
1781053256614,377,HTTP Request,200,OK,Thread Group 1-5,text,true,,231,159,6,6,http://localhost:8080/?token=494370254&user=-1356109124&config=3,377,0,0
1781053256733,405,HTTP Request,200,OK,Thread Group 1-1,text,true,,231,159,6,6,http://localhost:8080/?token=494370254&user=-1356109124&config=3,405,0,0
1781053256782,395,HTTP Request,200,OK,Thread Group 1-6,text,true,,231,159,6,6,http://localhost:8080/?token=494370254&user=-1356109124&config=3,395,0,0
1781053257116,372,HTTP Request,200,OK,Thread Group 1-2,text,true,,231,159,6,6,http://localhost:8080/?token=494370254&user=-1356109124&config=3,372,0,0
1781053257532,412,HTTP Request,200,OK,Thread Group 1-3,text,true,,231,159,6,6,http://localhost:8080/?token=494370254&user=-1356109124&config=3,412,0,0
1781053257948,409,HTTP Request,200,OK,Thread Group 1-4,text,true,,231,159,6,6,http://localhost:8080/?token=494370254&user=-1356109124&config=3,409,0,0
1781053258114,372,HTTP Request,200,OK,Thread Group 1-5,text,true,,231,159,6,6,http://localhost:8080/?token=494370254&user=-1356109124&config=3,372,0,0
1781053258233,374,HTTP Request,200,OK,Thread Group 1-1,text,true,,231,159,6,6,http://localhost:8080/?token=494370254&user=-1356109124&config=3,374,0,0
1781053258282,409,HTTP Request,200,OK,Thread Group 1-6,text,true,,231,159,6,6,http://localhost:8080/?token=494370254&user=-1356109124&config=3,409,0,0
1781053258616,372,HTTP Request,200,OK,Thread Group 1-2,text,true,,231,159,6,6,http://localhost:8080/?token=494370254&user=-1356109124&config=3,372,0,0
1781053259032,382,HTTP Request,200,OK,Thread Group 1-3,text,true,,231,159,6,6,http://localhost:8080/?token=494370254&user=-1356109124&config=3,382,0,0
1781053259448,411,HTTP Request,200,OK,Thread Group 1-4,text,true,,231,159,6,6,http://localhost:8080/?token=494370254&user=-1356109124&config=3,411,0,0
1781053259614,382,HTTP Request,200,OK,Thread Group 1-5,text,true,,231,159,6,6,http://localhost:8080/?token=494370254&user=-1356109124&config=3,382,0,0
1781053259734,383,HTTP Request,200,OK,Thread Group 1-1,text,true,,231,159,6,6,http://localhost:8080/?token=494370254&user=-1356109124&config=3,383,0,0
1781053259782,377,HTTP Request,200,OK,Thread Group 1-6,text,true,,231,159,5,5,http://localhost:8080/?token=494370254&user=-1356109124&config=3,377,0,0
1781053260115,374,HTTP Request,200,OK,Thread Group 1-2,text,true,,231,159,5,5,http://localhost:8080/?token=494370254&user=-1356109124&config=3,374,0,0
1781053260532,373,HTTP Request,200,OK,Thread Group 1-3,text,true,,231,159,4,4,http://localhost:8080/?token=494370254&user=-1356109124&config=3,373,0,0
1781053260948,406,HTTP Request,200,OK,Thread Group 1-4,text,true,,231,159,3,3,http://localhost:8080/?token=494370254&user=-1356109124&config=3,406,0,0
1781053261032,402,HTTP Request,200,OK,Thread Group 1-6,text,true,,231,159,2,2,http://localhost:8080/?token=494370254&user=-1356109124&config=3,402,0,0
1781053261114,382,HTTP Request,200,OK,Thread Group 1-5,text,true,,231,159,1,1,http://localhost:8080/?token=494370254&user=-1356109124&config=3,382,0,0
